,File,minSuppRate,readTime,mineTime,runtime,nSingleFreqItem,nFreqItem
0,kosarak.csv,0.05,3.378529729,9.865395569,13.528620641,10.0,15
1,kosarak.csv,0.1,3.081773231999998,8.402676188000001,11.732360422,4.0,8
2,kosarak.csv,0.15,2.9603262850000007,8.804257908,12.023432016999998,4.0,7
3,kosarak.csv,0.2,0.0,0.0,0.0,,0
4,kosarak.csv,0.25,0.0,0.0,0.0,,0
5,kosarak.csv,0.3,0.0,0.0,0.0,,0
