,File,minSuppRate,readTime,mineTime,runtime,nSingleFreqItem,nFreqItem
0,T40I10D100K.csv,0.1,1.2180746999999998,5.7416434999999995,7.0114514,82,82
1,T40I10D100K.csv,0.2,1.1452158000000008,2.2451301999999984,3.4332241999999997,5,5
2,T40I10D100K.csv,0.3,1.143645900000001,0.0,2.2059346999999985,0,0
3,T40I10D100K.csv,0.4,1.1341830999999996,0.0,2.207796799999999,0,0
4,T40I10D100K.csv,0.5,1.118334599999999,0.0,2.192991799999998,0,0
